method,travel_time,energy_consumption,monetary_cost,soc_after,soh_loss,future_success_rate,fmf,fmr,fmr_ci_lower,fmr_ci_upper,constraint_feasible,constraint_violations,total_scenarios,computation_time_s,charging_availability
FASTEST,42,14.8,185,58.3,3e-06,61.88,61.88,38.12,36.78,39.47,False,1,5000,0.0393,1.0
ENERGY_MIN,53,13.1,160,60.6,3e-06,61.86,61.86,38.14,36.8,39.49,False,1,5000,0.0471,1.0
BATTERY_AWARE,53,13.1,160,60.6,3e-06,61.86,61.86,38.14,36.8,39.49,False,1,5000,0.0358,1.0
ITEREV,42,14.8,185,58.3,3e-06,61.88,61.88,38.12,36.78,39.47,False,1,5000,0.0403,1.0
FASTEST,42,14.8,185,58.3,3e-06,51.88,51.88,48.12,46.74,49.51,False,1,5000,0.0375,0.9
ENERGY_MIN,53,13.1,160,60.6,3e-06,53.82,53.82,46.18,44.8,47.56,False,1,5000,0.0431,0.9
BATTERY_AWARE,53,13.1,160,60.6,3e-06,53.82,53.82,46.18,44.8,47.56,False,1,5000,0.0333,0.9
ITEREV,53,13.1,160,60.6,3e-06,53.82,53.82,46.18,44.8,47.56,False,1,5000,0.0403,0.9
FASTEST,42,14.8,185,58.3,3e-06,38.76,38.76,61.24,59.88,62.58,False,1,5000,0.0422,0.75
ENERGY_MIN,53,13.1,160,60.6,3e-06,41.88,41.88,58.12,56.75,59.48,False,1,5000,0.0402,0.75
BATTERY_AWARE,53,13.1,160,60.6,3e-06,41.88,41.88,58.12,56.75,59.48,False,1,5000,0.0312,0.75
ITEREV,48,13.9,172,59.5,3e-06,42.04,42.04,57.96,56.59,59.32,False,1,5000,0.0421,0.75
FASTEST,42,14.8,185,58.3,3e-06,19.28,19.28,80.72,79.6,81.79,False,1,5000,0.0365,0.5
ENERGY_MIN,53,13.1,160,60.6,3e-06,22.04,22.04,77.96,76.79,79.09,False,1,5000,0.0297,0.5
BATTERY_AWARE,53,13.1,160,60.6,3e-06,22.04,22.04,77.96,76.79,79.09,False,1,5000,0.0273,0.5
ITEREV,48,13.9,172,59.5,3e-06,22.86,22.86,77.14,75.96,78.28,False,1,5000,0.0285,0.5
FASTEST,42,14.8,185,58.3,3e-06,5.36,5.36,94.64,93.98,95.23,False,1,5000,0.0335,0.25
ENERGY_MIN,53,13.1,160,60.6,3e-06,6.72,6.72,93.28,92.55,93.94,False,1,5000,0.0279,0.25
BATTERY_AWARE,53,13.1,160,60.6,3e-06,6.72,6.72,93.28,92.55,93.94,False,1,5000,0.0369,0.25
ITEREV,48,13.9,172,59.5,3e-06,7.0,7.0,93.0,92.26,93.67,False,1,5000,0.0349,0.25
