method,travel_time,energy_consumption,monetary_cost,soc_after,soh_loss,future_success_rate,fmf,fmr,fmr_ci_lower,fmr_ci_upper,constraint_feasible,constraint_violations,total_scenarios,computation_time_s,demand
FASTEST,42,14.8,185,58.3,3e-06,99.52,99.52,0.48,0.32,0.71,True,0,5000,0.0177,Low
ENERGY_MIN,53,13.1,160,60.6,3e-06,99.66,99.66,0.34,0.21,0.54,True,0,5000,0.0175,Low
BATTERY_AWARE,53,13.1,160,60.6,3e-06,99.66,99.66,0.34,0.21,0.54,True,0,5000,0.019,Low
ITEREV,53,13.1,160,60.6,3e-06,99.66,99.66,0.34,0.21,0.54,True,0,5000,0.0176,Low
FASTEST,42,14.8,185,58.3,3e-06,36.58,36.58,63.42,62.08,64.74,False,1,5000,0.0176,Medium
ENERGY_MIN,53,13.1,160,60.6,3e-06,36.58,36.58,63.42,62.08,64.74,False,1,5000,0.0175,Medium
BATTERY_AWARE,53,13.1,160,60.6,3e-06,36.58,36.58,63.42,62.08,64.74,False,1,5000,0.0177,Medium
ITEREV,42,14.8,185,58.3,3e-06,36.58,36.58,63.42,62.08,64.74,False,1,5000,0.0202,Medium
FASTEST,42,14.8,185,58.3,3e-06,0.0,0.0,100.0,99.92,100.0,False,1,5000,0.0204,High
ENERGY_MIN,53,13.1,160,60.6,3e-06,0.0,0.0,100.0,99.92,100.0,False,1,5000,0.0175,High
BATTERY_AWARE,53,13.1,160,60.6,3e-06,0.0,0.0,100.0,99.92,100.0,False,1,5000,0.019,High
ITEREV,42,14.8,185,58.3,3e-06,0.0,0.0,100.0,99.92,100.0,False,1,5000,0.018,High
FASTEST,42,14.8,185,58.3,3e-06,0.0,0.0,100.0,99.92,100.0,False,1,5000,0.0188,Very High
ENERGY_MIN,53,13.1,160,60.6,3e-06,0.0,0.0,100.0,99.92,100.0,False,1,5000,0.0189,Very High
BATTERY_AWARE,53,13.1,160,60.6,3e-06,0.0,0.0,100.0,99.92,100.0,False,1,5000,0.0194,Very High
ITEREV,42,14.8,185,58.3,3e-06,0.0,0.0,100.0,99.92,100.0,False,1,5000,0.0203,Very High
