parameter,value,fmr,ci_lower,ci_upper,selected_route,constraint_status,monotonicity_flag
SOC,30.0,100.0,99.62,100.0,FASTEST,INFEASIBLE,monotonic
SOC,50.0,100.0,99.62,100.0,FASTEST,INFEASIBLE,monotonic
SOC,70.0,100.0,99.62,100.0,FASTEST,INFEASIBLE,monotonic
SOC,90.0,100.0,99.62,100.0,FASTEST,INFEASIBLE,monotonic
SOH,70.0,100.0,99.62,100.0,FASTEST,INFEASIBLE,monotonic
SOH,80.0,100.0,99.62,100.0,FASTEST,INFEASIBLE,monotonic
SOH,90.0,100.0,99.62,100.0,FASTEST,INFEASIBLE,monotonic
SOH,100.0,100.0,99.62,100.0,FASTEST,INFEASIBLE,monotonic
Temperature,15.0,100.0,99.62,100.0,FASTEST,INFEASIBLE,monotonic
Temperature,25.0,100.0,99.62,100.0,FASTEST,INFEASIBLE,monotonic
Temperature,35.0,100.0,99.62,100.0,FASTEST,INFEASIBLE,monotonic
Temperature,45.0,100.0,99.62,100.0,FASTEST,INFEASIBLE,monotonic
Demand,Low,95.6,94.14,96.71,FASTEST,INFEASIBLE,monotonic
Demand,Medium,100.0,99.62,100.0,FASTEST,INFEASIBLE,monotonic
Demand,High,100.0,99.62,100.0,FASTEST,INFEASIBLE,monotonic
Charging,0.1,100.0,99.62,100.0,FASTEST,INFEASIBLE,monotonic
Charging,0.5,100.0,99.62,100.0,FASTEST,INFEASIBLE,monotonic
Charging,0.9,99.9,99.44,99.98,FASTEST,INFEASIBLE,monotonic
Horizon,1,100.0,99.62,100.0,FASTEST,INFEASIBLE,monotonic
Horizon,3,100.0,99.62,100.0,FASTEST,INFEASIBLE,monotonic
Horizon,5,100.0,99.62,100.0,FASTEST,INFEASIBLE,monotonic
