travel_time,energy_consumption,monetary_cost,battery_degradation,final_soh,future_success_rate,fmf,fmr,fmr_ci_lower,fmr_ci_upper,constraint_violation_rate,computation_time_s,method,planning_horizon
42,14.8,185,3e-06,99.9997,99.0,99.0,1.0,0.0,0.4,0.0,0.0002,FASTEST,1
53,13.1,160,3e-06,99.9997,99.0,99.0,1.0,0.0,0.4,0.0,0.0,ENERGY_MIN,1
53,13.1,160,3e-06,99.9997,99.0,99.0,1.0,0.0,0.4,0.0,0.0,BATTERY_AWARE,1
42,14.8,185,3e-06,99.9997,99.0,99.0,1.0,0.0,0.4,0.0,0.0,ITEREV,1
42,14.8,185,3e-06,99.9997,97.0,97.0,3.0,1.83,4.89,0.0,0.0024,FASTEST,3
53,13.1,160,3e-06,99.9997,97.0,97.0,3.0,1.83,4.89,0.0,0.0017,ENERGY_MIN,3
53,13.1,160,3e-06,99.9997,97.0,97.0,3.0,1.83,4.89,0.0,0.002,BATTERY_AWARE,3
42,14.8,185,3e-06,99.9997,97.0,97.0,3.0,1.83,4.89,0.0,0.0017,ITEREV,3
42,14.8,185,3e-06,99.9997,8.2,8.2,91.8,89.06,93.9,1.0,0.0023,FASTEST,5
53,13.1,160,3e-06,99.9997,12.8,12.8,87.2,83.99,89.85,1.0,0.0027,ENERGY_MIN,5
53,13.1,160,3e-06,99.9997,12.8,12.8,87.2,83.99,89.85,1.0,0.0024,BATTERY_AWARE,5
53,13.1,160,3e-06,99.9997,12.8,12.8,87.2,83.99,89.85,1.0,0.0041,ITEREV,5
42,14.8,185,3e-06,99.9997,7.2,7.2,92.8,90.19,94.75,1.0,0.0044,FASTEST,7
53,13.1,160,3e-06,99.9997,11.0,11.0,89.0,85.95,91.45,1.0,0.0047,ENERGY_MIN,7
53,13.1,160,3e-06,99.9997,11.0,11.0,89.0,85.95,91.45,1.0,0.0041,BATTERY_AWARE,7
53,13.1,160,3e-06,99.9997,11.0,11.0,89.0,85.95,91.45,1.0,0.0038,ITEREV,7
42,14.8,185,3e-06,99.9997,7.0,7.0,93.0,90.42,94.92,1.0,0.0063,FASTEST,14
53,13.1,160,3e-06,99.9997,10.0,10.0,90.0,87.06,92.33,1.0,0.0061,ENERGY_MIN,14
53,13.1,160,3e-06,99.9997,10.0,10.0,90.0,87.06,92.33,1.0,0.0057,BATTERY_AWARE,14
53,13.1,160,3e-06,99.9997,10.0,10.0,90.0,87.06,92.33,1.0,0.0053,ITEREV,14
