method,travel_time,energy_consumption,monetary_cost,soc_after,soh_loss,future_success_rate,fmf,fmr,fmr_ci_lower,fmr_ci_upper,constraint_feasible,constraint_violations,total_scenarios,computation_time_s,soc
FASTEST,42,14.8,185,0.3,3e-06,2.0,2.0,98.0,96.36,98.91,False,1,500,0.0034,20
ENERGY_MIN,53,13.1,160,2.6,3e-06,2.0,2.0,98.0,96.36,98.91,False,1,500,0.0046,20
BATTERY_AWARE,53,13.1,160,2.6,3e-06,2.0,2.0,98.0,96.36,98.91,False,1,500,0.0041,20
ITEREV,42,14.8,185,0.3,3e-06,2.0,2.0,98.0,96.36,98.91,False,1,500,0.0048,20
FASTEST,42,14.8,185,10.3,3e-06,2.0,2.0,98.0,96.36,98.91,False,1,500,0.0045,30
ENERGY_MIN,53,13.1,160,12.6,3e-06,2.0,2.0,98.0,96.36,98.91,False,1,500,0.0038,30
BATTERY_AWARE,53,13.1,160,12.6,3e-06,2.0,2.0,98.0,96.36,98.91,False,1,500,0.0047,30
ITEREV,42,14.8,185,10.3,3e-06,2.0,2.0,98.0,96.36,98.91,False,1,500,0.004,30
FASTEST,42,14.8,185,20.3,3e-06,2.0,2.0,98.0,96.36,98.91,False,1,500,0.0038,40
ENERGY_MIN,53,13.1,160,22.6,3e-06,2.0,2.0,98.0,96.36,98.91,False,1,500,0.0038,40
BATTERY_AWARE,53,13.1,160,22.6,3e-06,2.0,2.0,98.0,96.36,98.91,False,1,500,0.0035,40
ITEREV,42,14.8,185,20.3,3e-06,2.0,2.0,98.0,96.36,98.91,False,1,500,0.0041,40
FASTEST,42,14.8,185,30.3,3e-06,2.0,2.0,98.0,96.36,98.91,False,1,500,0.0034,50
ENERGY_MIN,53,13.1,160,32.6,3e-06,2.0,2.0,98.0,96.36,98.91,False,1,500,0.0046,50
BATTERY_AWARE,53,13.1,160,32.6,3e-06,2.0,2.0,98.0,96.36,98.91,False,1,500,0.004,50
ITEREV,42,14.8,185,30.3,3e-06,2.0,2.0,98.0,96.36,98.91,False,1,500,0.0042,50
FASTEST,42,14.8,185,40.3,3e-06,2.0,2.0,98.0,96.36,98.91,False,1,500,0.0048,60
ENERGY_MIN,53,13.1,160,42.6,3e-06,2.0,2.0,98.0,96.36,98.91,False,1,500,0.0032,60
BATTERY_AWARE,53,13.1,160,42.6,3e-06,2.0,2.0,98.0,96.36,98.91,False,1,500,0.0042,60
ITEREV,42,14.8,185,40.3,3e-06,2.0,2.0,98.0,96.36,98.91,False,1,500,0.0037,60
FASTEST,42,14.8,185,50.3,3e-06,2.0,2.0,98.0,96.36,98.91,False,1,500,0.0043,70
ENERGY_MIN,53,13.1,160,52.6,3e-06,2.0,2.0,98.0,96.36,98.91,False,1,500,0.0056,70
BATTERY_AWARE,53,13.1,160,52.6,3e-06,2.0,2.0,98.0,96.36,98.91,False,1,500,0.005,70
ITEREV,42,14.8,185,50.3,3e-06,2.0,2.0,98.0,96.36,98.91,False,1,500,0.0044,70
FASTEST,42,14.8,185,60.3,3e-06,2.0,2.0,98.0,96.36,98.91,False,1,500,0.0065,80
ENERGY_MIN,53,13.1,160,62.6,3e-06,2.0,2.0,98.0,96.36,98.91,False,1,500,0.0058,80
BATTERY_AWARE,53,13.1,160,62.6,3e-06,2.0,2.0,98.0,96.36,98.91,False,1,500,0.0048,80
ITEREV,42,14.8,185,60.3,3e-06,2.0,2.0,98.0,96.36,98.91,False,1,500,0.0038,80
FASTEST,42,14.8,185,70.3,3e-06,2.0,2.0,98.0,96.36,98.91,False,1,500,0.0047,90
ENERGY_MIN,53,13.1,160,72.6,3e-06,2.0,2.0,98.0,96.36,98.91,False,1,500,0.004,90
BATTERY_AWARE,53,13.1,160,72.6,3e-06,2.0,2.0,98.0,96.36,98.91,False,1,500,0.0047,90
ITEREV,42,14.8,185,70.3,3e-06,2.0,2.0,98.0,96.36,98.91,False,1,500,0.0041,90
