method,travel_time,energy_consumption,monetary_cost,soc_after,soh_loss,future_success_rate,fmf,fmr,fmr_ci_lower,fmr_ci_upper,constraint_feasible,constraint_violations,total_scenarios,computation_time_s,optimizer_status,constraint_relaxed,num_feasible_candidates,selected_route_fmr,soh
FASTEST,42,14.8,185,59.5,3e-06,71.42,71.42,28.58,27.34,29.85,False,1,5000,0.019,N/A,True,0,28.58,100
ENERGY_MIN,53,13.1,160,61.6,2e-06,71.6,71.6,28.4,27.17,29.67,False,1,5000,0.0201,N/A,True,0,28.4,100
BATTERY_AWARE,53,13.1,160,61.6,2e-06,71.6,71.6,28.4,27.17,29.67,False,1,5000,0.0191,N/A,True,0,28.4,100
ITEREV,53,13.1,160,61.6,2e-06,71.6,71.6,28.4,27.17,29.67,False,1,5000,0.0203,NO_FEASIBLE_ACTION,True,0,28.4,100
FASTEST,42,14.8,185,58.5,3e-06,60.04,60.04,39.96,38.61,41.32,False,1,5000,0.0202,N/A,True,0,39.96,95
ENERGY_MIN,53,13.1,160,60.8,3e-06,60.62,60.62,39.38,38.03,40.74,False,1,5000,0.0181,N/A,True,0,39.38,95
BATTERY_AWARE,53,13.1,160,60.8,3e-06,60.62,60.62,39.38,38.03,40.74,False,1,5000,0.0189,N/A,True,0,39.38,95
ITEREV,53,13.1,160,60.8,3e-06,60.62,60.62,39.38,38.03,40.74,False,1,5000,0.0202,NO_FEASIBLE_ACTION,True,0,39.38,95
FASTEST,42,14.9,185,57.3,4e-06,44.32,44.32,55.68,54.3,57.05,False,1,5000,0.0192,N/A,True,0,55.68,90
ENERGY_MIN,53,13.2,160,59.7,3e-06,45.12,45.12,54.88,53.5,56.26,False,1,5000,0.0182,N/A,True,0,54.88,90
BATTERY_AWARE,53,13.2,160,59.7,3e-06,45.12,45.12,54.88,53.5,56.26,False,1,5000,0.0187,N/A,True,0,54.88,90
ITEREV,53,13.2,160,59.7,3e-06,45.12,45.12,54.88,53.5,56.26,False,1,5000,0.0199,NO_FEASIBLE_ACTION,True,0,54.88,90
FASTEST,42,15.1,185,55.8,5e-06,28.42,28.42,71.58,70.31,72.81,False,1,5000,0.0204,N/A,True,0,71.58,85
ENERGY_MIN,53,13.3,160,58.4,3e-06,28.76,28.76,71.24,69.97,72.48,False,1,5000,0.0232,N/A,True,0,71.24,85
BATTERY_AWARE,53,13.3,160,58.4,3e-06,28.76,28.76,71.24,69.97,72.48,False,1,5000,0.0223,N/A,True,0,71.24,85
ITEREV,53,13.3,160,58.4,3e-06,28.76,28.76,71.24,69.97,72.48,False,1,5000,0.0227,NO_FEASIBLE_ACTION,True,0,71.24,85
FASTEST,42,15.2,185,54.2,5e-06,14.4,14.4,85.6,84.6,86.55,False,1,5000,0.0232,N/A,True,0,85.6,80
ENERGY_MIN,53,13.5,160,56.9,4e-06,13.98,13.98,86.02,85.03,86.95,False,1,5000,0.0228,N/A,True,0,86.02,80
BATTERY_AWARE,53,13.5,160,56.9,4e-06,13.98,13.98,86.02,85.03,86.95,False,1,5000,0.0241,N/A,True,0,86.02,80
ITEREV,48,14.3,172,55.7,5e-06,14.6,14.6,85.4,84.39,86.35,False,1,5000,0.0234,NO_FEASIBLE_ACTION,True,0,85.4,80
FASTEST,42,15.4,185,52.3,6e-06,4.88,4.88,95.12,94.49,95.68,False,1,5000,0.0226,N/A,True,0,95.12,75
ENERGY_MIN,53,13.6,160,55.3,5e-06,4.96,4.96,95.04,94.4,95.61,False,1,5000,0.0211,N/A,True,0,95.04,75
BATTERY_AWARE,53,13.6,160,55.3,5e-06,4.96,4.96,95.04,94.4,95.61,False,1,5000,0.0228,N/A,True,0,95.04,75
ITEREV,48,14.4,172,54.0,5e-06,5.22,5.22,94.78,94.13,95.36,False,1,5000,0.022,NO_FEASIBLE_ACTION,True,0,94.78,75
FASTEST,42,15.5,185,50.3,7e-06,1.36,1.36,98.64,98.28,98.93,False,1,5000,0.0221,N/A,True,0,98.64,70
ENERGY_MIN,53,13.7,160,53.5,6e-06,1.32,1.32,98.68,98.32,98.96,False,1,5000,0.0215,N/A,True,0,98.68,70
BATTERY_AWARE,53,13.7,160,53.5,6e-06,1.32,1.32,98.68,98.32,98.96,False,1,5000,0.0219,N/A,True,0,98.68,70
ITEREV,42,15.5,185,50.3,7e-06,1.36,1.36,98.64,98.28,98.93,False,1,5000,0.0212,NO_FEASIBLE_ACTION,True,0,98.64,70
