travel_time,energy_consumption,monetary_cost,battery_degradation,final_soh,future_success_rate,fmf,fmr,fmr_ci_lower,fmr_ci_upper,constraint_violation_rate,computation_time_s,method,temperature
42,13.1,185,3e-06,99.9997,31.2,31.2,68.8,64.61,72.7,1.0,0.0026,FASTEST,15
53,11.6,160,3e-06,99.9997,38.2,38.2,61.8,57.47,65.95,1.0,0.0023,ENERGY_MIN,15
53,11.6,160,3e-06,99.9997,38.2,38.2,61.8,57.47,65.95,1.0,0.0024,BATTERY_AWARE,15
53,11.6,160,3e-06,99.9997,38.2,38.2,61.8,57.47,65.95,1.0,0.0023,ITEREV,15
42,13.7,185,3e-06,99.9997,22.2,22.2,77.8,73.95,81.22,1.0,0.0022,FASTEST,20
53,12.2,160,2e-06,99.9998,27.4,27.4,72.6,68.53,76.33,1.0,0.0023,ENERGY_MIN,20
53,12.2,160,2e-06,99.9998,27.4,27.4,72.6,68.53,76.33,1.0,0.0022,BATTERY_AWARE,20
53,12.2,160,2e-06,99.9998,27.4,27.4,72.6,68.53,76.33,1.0,0.0022,ITEREV,20
42,14.3,185,3e-06,99.9997,13.8,13.8,86.2,82.9,88.95,1.0,0.0023,FASTEST,25
53,12.7,160,2e-06,99.9998,18.8,18.8,81.2,77.54,84.38,1.0,0.0026,ENERGY_MIN,25
53,12.7,160,2e-06,99.9998,18.8,18.8,81.2,77.54,84.38,1.0,0.0025,BATTERY_AWARE,25
53,12.7,160,2e-06,99.9998,18.8,18.8,81.2,77.54,84.38,1.0,0.0024,ITEREV,25
42,14.9,185,4e-06,99.9996,7.4,7.4,92.6,89.97,94.58,1.0,0.0023,FASTEST,30
53,13.2,160,3e-06,99.9997,11.2,11.2,88.8,85.73,91.27,1.0,0.0022,ENERGY_MIN,30
53,13.2,160,3e-06,99.9997,11.2,11.2,88.8,85.73,91.27,1.0,0.0024,BATTERY_AWARE,30
53,13.2,160,3e-06,99.9997,11.2,11.2,88.8,85.73,91.27,1.0,0.0023,ITEREV,30
42,15.5,185,5e-06,99.9995,3.6,3.6,96.4,94.38,97.71,1.0,0.0023,FASTEST,35
53,13.7,160,4e-06,99.9996,6.4,6.4,93.6,91.1,95.43,1.0,0.0024,ENERGY_MIN,35
53,13.7,160,4e-06,99.9996,6.4,6.4,93.6,91.1,95.43,1.0,0.0022,BATTERY_AWARE,35
53,13.7,160,4e-06,99.9996,6.4,6.4,93.6,91.1,95.43,1.0,0.0023,ITEREV,35
42,16.1,185,6e-06,99.9994,1.6,1.6,98.4,96.87,99.19,1.0,0.0024,FASTEST,40
53,14.3,160,5e-06,99.9995,2.8,2.8,97.2,95.36,98.32,1.0,0.0023,ENERGY_MIN,40
53,14.3,160,5e-06,99.9995,2.8,2.8,97.2,95.36,98.32,1.0,0.0023,BATTERY_AWARE,40
53,14.3,160,5e-06,99.9995,2.8,2.8,97.2,95.36,98.32,1.0,0.0027,ITEREV,40
42,16.7,185,8e-06,99.9992,1.2,1.2,98.8,97.41,99.45,1.0,0.0023,FASTEST,45
53,14.8,160,6e-06,99.9994,1.6,1.6,98.4,96.87,99.19,1.0,0.0023,ENERGY_MIN,45
53,14.8,160,6e-06,99.9994,1.6,1.6,98.4,96.87,99.19,1.0,0.0026,BATTERY_AWARE,45
53,14.8,160,6e-06,99.9994,1.6,1.6,98.4,96.87,99.19,1.0,0.0024,ITEREV,45
