scenario_id,day_0,day_1,day_2,day_3,day_4,day_5
scenario_0,48.6,90.0,90.0,85.0,90.0,85.0
scenario_1,48.6,90.0,90.0,85.0,90.0,85.0
scenario_2,48.6,43.6,90.0,85.0,90.0,85.0
scenario_3,48.6,90.0,0.0,90.0,90.0,85.0
scenario_4,48.6,90.0,90.0,85.0,90.0,85.0
scenario_5,48.6,90.0,90.0,85.0,90.0,85.0
scenario_6,48.6,90.0,90.0,85.0,90.0,85.0
scenario_7,48.6,90.0,0.0,90.0,90.0,85.0
scenario_8,48.6,90.0,90.0,85.0,90.0,85.0
scenario_9,48.6,90.0,90.0,85.0,90.0,85.0
scenario_10,48.6,90.0,90.0,85.0,90.0,85.0
scenario_11,48.6,90.0,90.0,85.0,90.0,85.0
scenario_12,48.6,90.0,90.0,85.0,90.0,85.0
scenario_13,48.6,90.0,90.0,85.0,90.0,85.0
scenario_14,48.6,90.0,90.0,85.0,90.0,85.0
scenario_15,48.6,90.0,90.0,85.0,90.0,85.0
scenario_16,48.6,90.0,90.0,85.0,90.0,85.0
scenario_17,48.6,90.0,90.0,85.0,90.0,85.0
scenario_18,48.6,90.0,90.0,85.0,90.0,85.0
scenario_19,48.6,90.0,90.0,85.0,90.0,85.0
scenario_20,48.6,90.0,90.0,85.0,90.0,85.0
scenario_21,48.6,90.0,90.0,85.0,90.0,85.0
scenario_22,48.6,90.0,90.0,85.0,90.0,85.0
scenario_23,48.6,90.0,90.0,85.0,90.0,85.0
scenario_24,48.6,90.0,90.0,85.0,90.0,85.0
scenario_25,48.6,90.0,90.0,85.0,90.0,85.0
scenario_26,48.6,90.0,90.0,85.0,90.0,85.0
scenario_27,48.6,90.0,90.0,85.0,90.0,85.0
scenario_28,48.6,90.0,0.0,90.0,90.0,85.0
scenario_29,48.6,90.0,90.0,85.0,90.0,85.0
scenario_30,48.6,90.0,90.0,85.0,90.0,85.0
scenario_31,48.6,90.0,90.0,85.0,90.0,85.0
scenario_32,48.6,90.0,90.0,85.0,90.0,85.0
scenario_33,48.6,90.0,90.0,85.0,90.0,85.0
scenario_34,48.6,43.6,90.0,85.0,90.0,85.0
scenario_35,48.6,90.0,90.0,85.0,90.0,85.0
scenario_36,48.6,90.0,90.0,85.0,90.0,85.0
scenario_37,48.6,90.0,90.0,85.0,90.0,85.0
scenario_38,48.6,90.0,90.0,85.0,90.0,85.0
scenario_39,48.6,90.0,90.0,85.0,90.0,85.0
scenario_40,48.6,90.0,90.0,85.0,90.0,85.0
scenario_41,48.6,90.0,90.0,85.0,90.0,85.0
scenario_42,48.6,90.0,90.0,85.0,90.0,85.0
scenario_43,48.6,90.0,90.0,85.0,90.0,85.0
scenario_44,48.6,90.0,0.0,90.0,90.0,85.0
scenario_45,48.6,90.0,90.0,85.0,90.0,85.0
scenario_46,48.6,90.0,90.0,85.0,90.0,85.0
scenario_47,48.6,90.0,90.0,85.0,90.0,85.0
scenario_48,48.6,90.0,90.0,85.0,90.0,85.0
scenario_49,48.6,90.0,90.0,85.0,90.0,85.0
scenario_50,48.6,43.6,90.0,85.0,90.0,85.0
scenario_51,48.6,90.0,90.0,85.0,90.0,85.0
scenario_52,48.6,90.0,90.0,85.0,90.0,85.0
scenario_53,48.6,90.0,90.0,85.0,90.0,85.0
scenario_54,48.6,43.6,90.0,85.0,90.0,85.0
scenario_55,48.6,90.0,90.0,85.0,90.0,85.0
scenario_56,48.6,90.0,90.0,85.0,90.0,85.0
scenario_57,48.6,43.6,90.0,85.0,90.0,85.0
scenario_58,48.6,90.0,90.0,85.0,90.0,85.0
scenario_59,48.6,90.0,90.0,85.0,90.0,85.0
scenario_60,48.6,90.0,90.0,85.0,90.0,85.0
scenario_61,48.6,90.0,90.0,85.0,90.0,85.0
scenario_62,48.6,90.0,90.0,85.0,90.0,85.0
scenario_63,48.6,90.0,90.0,85.0,62.28,90.0
scenario_64,48.6,90.0,90.0,85.0,90.0,85.0
scenario_65,48.6,90.0,90.0,85.0,90.0,85.0
scenario_66,48.6,90.0,90.0,85.0,90.0,85.0
scenario_67,48.6,90.0,90.0,85.0,90.0,85.0
scenario_68,48.6,90.0,90.0,85.0,90.0,85.0
scenario_69,48.6,90.0,0.0,90.0,90.0,85.0
scenario_70,48.6,90.0,90.0,85.0,90.0,85.0
scenario_71,48.6,43.6,90.0,85.0,90.0,85.0
scenario_72,48.6,90.0,90.0,85.0,90.0,85.0
scenario_73,48.6,90.0,90.0,85.0,90.0,85.0
scenario_74,48.6,90.0,0.0,90.0,90.0,85.0
scenario_75,48.6,90.0,90.0,85.0,90.0,85.0
scenario_76,48.6,90.0,90.0,85.0,90.0,85.0
scenario_77,48.6,90.0,90.0,85.0,90.0,85.0
scenario_78,48.6,90.0,90.0,85.0,90.0,85.0
scenario_79,48.6,43.6,90.0,85.0,90.0,85.0
scenario_80,48.6,43.6,90.0,85.0,90.0,85.0
scenario_81,48.6,90.0,90.0,85.0,90.0,85.0
scenario_82,48.6,90.0,90.0,85.0,90.0,85.0
scenario_83,48.6,90.0,90.0,85.0,90.0,85.0
scenario_84,48.6,90.0,90.0,85.0,90.0,85.0
scenario_85,48.6,90.0,90.0,85.0,90.0,85.0
scenario_86,48.6,90.0,90.0,85.0,90.0,85.0
scenario_87,48.6,90.0,90.0,85.0,90.0,85.0
scenario_88,48.6,90.0,90.0,85.0,90.0,85.0
scenario_89,48.6,90.0,90.0,85.0,90.0,85.0
scenario_90,48.6,43.6,90.0,85.0,90.0,85.0
scenario_91,48.6,90.0,90.0,85.0,90.0,85.0
scenario_92,48.6,90.0,90.0,85.0,90.0,85.0
scenario_93,48.6,90.0,90.0,85.0,90.0,85.0
scenario_94,48.6,90.0,90.0,85.0,90.0,85.0
scenario_95,48.6,90.0,90.0,85.0,90.0,85.0
scenario_96,48.6,90.0,90.0,85.0,90.0,85.0
scenario_97,48.6,90.0,90.0,85.0,90.0,85.0
scenario_98,48.6,90.0,90.0,85.0,90.0,85.0
scenario_99,48.6,90.0,90.0,85.0,90.0,85.0
