travel_time,energy_consumption,monetary_cost,battery_degradation,final_soh,future_success_rate,fmf,fmr,fmr_ci_lower,fmr_ci_upper,constraint_violation_rate,computation_time_s,method,uncertainty
42,14.8,185,3e-06,99.9997,12.6,12.6,87.4,84.2,90.03,1.0,0.0033,FASTEST,Low
53,13.1,160,3e-06,99.9997,21.2,21.2,78.8,75.0,82.16,1.0,0.0026,ENERGY_MIN,Low
53,13.1,160,3e-06,99.9997,21.2,21.2,78.8,75.0,82.16,1.0,0.0025,BATTERY_AWARE,Low
53,13.1,160,3e-06,99.9997,21.2,21.2,78.8,75.0,82.16,1.0,0.003,ITEREV,Low
42,14.8,185,3e-06,99.9997,8.2,8.2,91.8,89.06,93.9,1.0,0.0026,FASTEST,Medium
53,13.1,160,3e-06,99.9997,12.8,12.8,87.2,83.99,89.85,1.0,0.0033,ENERGY_MIN,Medium
53,13.1,160,3e-06,99.9997,12.8,12.8,87.2,83.99,89.85,1.0,0.0049,BATTERY_AWARE,Medium
53,13.1,160,3e-06,99.9997,12.8,12.8,87.2,83.99,89.85,1.0,0.0038,ITEREV,Medium
42,14.8,185,3e-06,99.9997,7.2,7.2,92.8,90.19,94.75,1.0,0.0028,FASTEST,High
53,13.1,160,3e-06,99.9997,10.2,10.2,89.8,86.84,92.16,1.0,0.0034,ENERGY_MIN,High
53,13.1,160,3e-06,99.9997,10.2,10.2,89.8,86.84,92.16,1.0,0.0027,BATTERY_AWARE,High
53,13.1,160,3e-06,99.9997,10.2,10.2,89.8,86.84,92.16,1.0,0.0025,ITEREV,High
